,appId,title,score,rating,review,comment,priceT,install,genre,developer,release,email
0,club.nagavip.otp,error,error,error,error,error,error,error,error,error,error,error
1,com.goldtime.authy,error,error,error,error,error,error,error,error,error,error,error
2,com.sitin.sitinotp,error,error,error,error,error,error,error,error,error,error,error
3,eu.netinfo.cdb.otp,error,error,error,error,error,error,error,error,error,error,error
4,com.ncs.secureconnect.otp,error,error,error,error,error,error,error,error,error,error,error
5,iSec.Authenticator,error,error,error,error,error,error,error,error,error,error,error
6,com.ws.a.otp,error,error,error,error,error,error,error,error,error,error,error
7,com18deglab.cylocklite,error,error,error,error,error,error,error,error,error,error,error
8,com.ezmcom.cimb.softtoken.ezidv4,error,error,error,error,error,error,error,error,error,error,error
9,two.factor.secure.otp.authentication,error,error,error,error,error,error,error,error,error,error,error
