,app_id,url
0,com.nof.makanoh.openkeypos,https://googleads.g.doubleclick.net/mads/static/mad/sdk/native/production/sdk-core-v40-impl.html
1,com.nof.makanoh.openkeypos,https://googleads.g.doubleclick.net/favicon.ico
2,com.nof.makanoh.openkeypos,https://googleads.g.doubleclick.net/getconfig/pubsetting?app_name=com.nof.makanoh.openkeypos&client=ca-app-pub-5056521106774906&admob_appcc=8917732302
3,com.authy.authy,https://firebase-settings.crashlytics.com/spi/v2/platforms/android/gmp/1:812227132821:android:a47d3941edd13d78/settings?instance=c1ccc4c6edd6e191ada74e4cec48241b464f71f2&build_version=121&display_version=24.3.7&source=1
4,com.authy.authy,https://firebaseinstallations.googleapis.com/v1/projects/authy-app/installations
5,com.authy.authy,https://kinesis.us-east-1.amazonaws.com/
6,com.dreammirae.otp.android.mirae.multiid.market,https://firebase-settings.crashlytics.com/spi/v2/platforms/android/gmp/1:287208951968:android:fc6effe541b2f047/settings?instance=91dedc3feb98ff88c4b6f4644824b2bc46f5dad1&build_version=29&display_version=2.4.0&source=1
7,com.dreammirae.otp.android.mirae.multiid.market,https://firebaseinstallations.googleapis.com/v1/projects/anyotp-79baf/installations
8,com.dreammirae.otp.android.mirae.multiid.market,https://firebaseremoteconfig.googleapis.com/v1/projects/287208951968/namespaces/firebase:fetch
9,com.dreammirae.otp.android.mirae.multiid.market,https://mgw.dreammirae.com:8443/mobile/json
10,com.dreammirae.otp.android.mirae.multiid.market,https://mgw.dreammirae.com:8443/mobile/img/121120210804103100542.png
11,hr.asseco.android.jimba.otpretailng,https://mbanking.otpbanka.hr/spp/PS/Marketing/getBanner
12,hr.asseco.android.jimba.otpretailng,https://www.otpbanka.hr/sites/default/files/doc/img/mbanking/Klik_kredit_600x200_2.jpg
13,hr.asseco.android.jimba.otpretailng,https://www.otpbanka.hr/sites/default/files/doc/img/mbanking/m-banking_banner_digital_paket_600x200.jpg
14,hr.asseco.android.jimba.otpretailng,https://www.otpbanka.hr/sites/default/files/doc/img/mbanking/OTP-Zaokruzi-interni_Banner-m-banking-2-600x200.jpg
15,hr.asseco.android.jimba.otpretailng,https://mbanking.otpbanka.hr/spp/PS/JimbaNgRetailOtpHr/login
16,hr.asseco.android.jimba.otpretailng,https://mbanking.otpbanka.hr/spp/PS/JimbaNgRetailOtpHr/extendedLogin
17,hr.asseco.android.jimba.otpretailng,https://mbanking.otpbanka.hr/spp/PS/MsgsOtpRetail/registerForPush
18,com.inwebo.authenticator,https://www.myinwebo.com/iwws/MA?action=ActionSetup&mode=activate&id=&macid=0&lastsync=0&version=Android%5fauth%2d4%2e3%2e2%2f0%2e2%2e16&code=152855
19,netinfo.eu.symantec,https://mobilecrashreporting.googleapis.com/v1/crashes:batchCreate?key=AIzaSyB8OjfvJVonSO7W6M64oBrYbaC60JhhP-4&alt=json
20,hr.asseco.android.mtoken.ht.test,https://mproxy.ht.hr/SP/d/1638412952257104418674502644920012805468/MTS.cfg?p=QW5kcm9pZC9zYW1zdW5nL1NNLUE1MDVZTi9hNTAvc2Ftc3VuZy9BbmRyb2lkIDI5L1JlbGVhc2Ug%0D%0AMTAv
21,com.feelanet.artstrongid.sec,https://mfa.secsso.net/AppApiV2/Register/Verify
22,com.feelanet.artstrongid.sec,https://mfa.secsso.net/AppApiV2/Register/Enroll
23,com.bankofamerica.authenticator,https://strongauth-sas-mobile.bankofamerica.com/sasmobile/v1/updates
24,com.bankofamerica.authenticator,https://strongauth-sas-mobile.bankofamerica.com/sasmobile/v1/activation/online/licenseactivation
25,com.novoload.otp,https://www.google.com/
26,com.bncr.detectid_otp,https://detect-id.bnonline.fi.cr/detect/public/rest/mobile/version/7.3.0/android
27,it.previnet.authenticator,https://firebase-settings.crashlytics.com/spi/v2/platforms/android/gmp/1:187949772194:android:93ee7f5a0bfb8a9b/settings?instance=7a76c0c2d309210b22fea52308a8d6c239858699&build_version=32&display_version=2.2.2&source=1
28,it.previnet.authenticator,https://firebaseinstallations.googleapis.com/v1/projects/authenticator-e33a5/installations
29,com.sgn.sgotp,https://play.google.com/store/apps/details?id=com.sgn.sgotp&hl=it
30,kr.co.neople.neopleotp,https://motp.mobilians.co.kr/MOTP/KeyExchangeServletV2
31,eu.netinfo.netteller.cqur.motp,https://mobilecrashreporting.googleapis.com/v1/crashes:batchCreate?key=AIzaSyDqjPqdhKM2kMljrHX9Zj50LLeRKKBRzgk&alt=json
32,club.nagavip.otp,https://onesignal.com/api/v1/apps/c8236a2f-515a-42c1-a5c8-4cc4a4045cfe/android_params.js
33,club.nagavip.otp,https://codepush.appcenter.ms/v0.1/public/codepush/update_check?deployment_key=Edzc8afsKys0HmRFog_uexWRqVpq_TJjxkmMo&app_version=1.0.2&client_unique_id=9a2edc351b248dac
34,club.nagavip.otp,https://codepush.appcenter.ms/v0.1/public/codepush/report_status/deploy
35,club.nagavip.otp,https://onesignal.com/api/v1/players
36,club.nagavip.otp,https://mail.google.com/mail/ads/main?rt=b&client=27
37,com.halcom.ng.mobile.puppaltr,https://ebanking.otpbank.al/sgal_mobile/v1/Prelogin
38,com.halcom.ng.mobile.puppaltr,https://ebanking.otpbank.al/sgal_mobile/v1/OathOtp/ProvisionWizard/Start
39,com.halcom.ng.mobile.puppaltr,https://ebanking.otpbank.al/sgal_mobile/v1/GotoInfoAndShare
40,com.halcom.ng.mobile.puppaltr,https://ebanking.otpbank.al/sgal_mobile/v1/InfoAndShareActionList
41,ru.yandex.key,https://passport.yandex.ru/
42,ru.yandex.key,https://passport.yandex.ru/profile
43,ru.yandex.key,https://passport.yandex.ru/auth?retpath=https%3A%2F%2Fpassport.yandex.ru%2Fprofile&noreturn=1
44,ru.yandex.key,https://report.appmetrica.yandex.net/report?encrypted_request=1&deviceid=51cad9dfe1a0ff96aea17535068ed7fe&uuid=6b643481dc4f46f58816921c22bea6fb&analytics_sdk_version_name=3.5.3&app_version_name=2.7.0&app_build_number=270&os_version=10&os_api_level=29&analytics_sdk_build_number=17744&analytics_sdk_build_type=internal&app_debuggable=0&locale=en_AU&is_rooted=0&app_framework=native&attribution_id=1&api_key_128=9d111317-9e93-40ac-9525-802e40caa1ca&app_id=ru.yandex.key&app_platform=android&model=SM-A505YN&manufacturer=samsung&screen_width=2340&screen_height=1080&screen_dpi=420&scalefactor=2.625&device_type=phone&android_id=9a2edc351b248dac&adv_id=00291781-441b-4581-818f-173c2bfee5ab&limit_ad_tracking=0
45,ru.yandex.key,https://report.appmetrica.yandex.net/report?encrypted_request=1&deviceid=51cad9dfe1a0ff96aea17535068ed7fe&uuid=6b643481dc4f46f58816921c22bea6fb&analytics_sdk_version_name=3.5.3&app_version_name=2.7.0&app_build_number=270&os_version=10&os_api_level=29&analytics_sdk_build_number=17744&analytics_sdk_build_type=internal&app_debuggable=0&locale=en_AU&is_rooted=0&app_framework=native&attribution_id=1&api_key_128=20799a27-fa80-4b36-b2db-0f8141f24180&app_id=ru.yandex.key&app_platform=android&model=SM-A505YN&manufacturer=samsung&screen_width=2340&screen_height=1080&screen_dpi=420&scalefactor=2.625&device_type=phone&android_id=9a2edc351b248dac&adv_id=00291781-441b-4581-818f-173c2bfee5ab&limit_ad_tracking=0
46,ru.yandex.key,https://api.browser.yandex.ru/uma_proto
47,otl.snkl.SnorkelOTP,https://sibernet.southindianbank.com/snkl_otl/1009.htm
48,cy.com.netinfo.crdbotp,https://omnichannels.crdbbank.co.tz/netteller-war/webresources/activate/
49,hr.asseco.android.otp,http://token.asseco-see.hr/SxSAdminWS/services/dskpp
50,com.aff.otpdirekt,https://graph.facebook.com/v3.3/513110769395937?fields=supports_implicit_sdk_logging%2Cgdpv4_nux_content%2Cgdpv4_nux_enabled%2Cgdpv4_chrome_custom_tabs_enabled%2Candroid_dialog_configs%2Candroid_sdk_error_categories%2Capp_events_session_timeout%2Capp_events_feature_bitmask%2Cauto_event_mapping_android%2Cseamless_login%2Csmart_login_bookmark_icon_url%2Csmart_login_menu_icon_url&format=json&sdk=android
51,com.aff.otpdirekt,https://graph.facebook.com/v3.3/513110769395937/mobile_sdk_gk?fields=gatekeepers&format=json&sdk_version=5.0.0&sdk=android&platform=android
52,com.aff.otpdirekt,https://graph.facebook.com/v3.3/513110769395937/activities
53,com.aff.otpdirekt,https://www.otpbankdirekt.hu/homebank/mobilalkalmazas/languagefileversion
54,com.aff.otpdirekt,https://www.otpbankdirekt.hu/homebank/mobilalkalmazas/languagefile?locale=en
55,com.aff.otpdirekt,https://www.otpbank.hu/portal/do/services/mobile/getValidDays?refDate=2021/09/03
56,com.aff.otpdirekt,https://www.otpbank.hu/portal/do/services/mobile/valto?refDate=2021/09/02&ver=9
57,com.aff.otpdirekt,https://clients4.google.com/glm/mmap/api
58,com.aff.otpdirekt,https://piwikpro.otpbank.hu/piwik.php?res=1080x2340&idsite=12&send_image=0&_cvar=%7B%221%22%3A%5B%22Platform%22%2C%22Samsung%20SM-A505YN%22%5D%2C%222%22%3A%5B%22OS%20version%22%2C%22Dalvik%5C%2F2.1.0%20%28Linux%3B%20U%3B%20Android%2010%3B%20SM-A505YN%20Build%5C%2FQP1A.190711.020%29%22%5D%2C%223%22%3A%5B%22App%20version%22%2C%2219.5%22%5D%7D&ua=Dalvik%2F2.1.0%20%28Linux%3B%20U%3B%20Android%2010%3B%20SM-A505YN%20Build%2FQP1A.190711.020%29&_idvc=1&url=http%3A%2F%2Fcom.aff.otpdirekt%2Fscreen%2Fterkepes_kereso%2Fscreen%2Ftitle%2Fterkep&rand=56944&rec=1&apiv=1&_idts=1630612926&cdt=2021-09-03%2006%3A02%3A06%2B1000&action_name=screen%2Fterkepes_kereso%2Fscreen%2Ftitle%2Fterkep&_id=348adff968da49c5&new_visit=1&lang=en
59,com.aff.otpdirekt,"https://csi.gstatic.com/csi?s=maps_android_api&v=3&action=map_start_up&it=init.207,map_load.3530,on_resume.1,on_create.0&irt=207,3530,325,207"
60,com.aff.otpdirekt,https://www.otpbank.hu/portal/do/services/mobile/kereso/mapSearcher?token=3c776131e817acc9e6ecd6cf4103d5a0&nyelv=en&lat=0.0&lng=0.0&distance=6940712&lakossagi=false&vallalati=false&akadalymentes=false&atmhuf=false&atmeur=false
61,com.aff.otpdirekt,https://piwikpro.otpbank.hu/piwik.php?rand=93668&idsite=12&rec=1&apiv=1&send_image=0&cdt=2021-09-03%2006%3A02%3A23%2B1000&action_name=screen%2Fdemo%2Fscreen%2Ftitle%2Fdemo_megnyitasa&_cvar=%7B%221%22%3A%5B%22Platform%22%2C%22Samsung%20SM-A505YN%22%5D%2C%222%22%3A%5B%22OS%20version%22%2C%22Dalvik%5C%2F2.1.0%20%28Linux%3B%20U%3B%20Android%2010%3B%20SM-A505YN%20Build%5C%2FQP1A.190711.020%29%22%5D%2C%223%22%3A%5B%22App%20version%22%2C%2219.5%22%5D%7D&_id=348adff968da49c5&url=http%3A%2F%2Fcom.aff.otpdirekt%2Fscreen%2Fdemo%2Fscreen%2Ftitle%2Fdemo_megnyitasa
62,com.aff.otpdirekt,https://api.seon.io/SeonRestService/session/android/demoaccesstoken
63,com.aff.otpdirekt,https://icanhazip.com/
64,com.aff.otpdirekt,https://api.seon.io/SeonRestService/session/android/rjx7fEAtB5rElzCPzooCVALCV7fKT8Sic6OA3bZW
65,com.aff.otpdirekt,https://www.otpbankdirekt.hu/mwaccesspublic12/mwaccess
66,com.protectimus.totpburner.nfc,https://offlinepages-pa.googleapis.com/v1:GeneratePageBundle?key=AIzaSyBOti4mM-6x9WDnZIjIeyEU21OpBXqWBgw
67,com.protectimus.totpburner.nfc,https://accounts.google.com/ListAccounts?gpsia=1&source=ChromiumBrowser&json=standard
68,com.protectimus.totpburner.nfc,https://clientservices.googleapis.com/chrome-variations/seed?osname=android&channel=stable&milestone=78
69,com.protectimus.totpburner.nfc,https://www.protectimus.com/slim-mini/
70,com.protectimus.totpburner.nfc,https://www.protectimus.com/slim-mini/index.php
71,com.protectimus.totpburner.nfc,https://www.protectimus.com/common/css/bootstrap.min.css
72,com.protectimus.totpburner.nfc,https://www.protectimus.com/common/css/landing.css
73,com.protectimus.totpburner.nfc,https://www.protectimus.com/slim-mini/static/css/responsive.css
74,com.protectimus.totpburner.nfc,https://www.protectimus.com/slim-mini/static/css/footer.css
75,com.protectimus.totpburner.nfc,https://www.protectimus.com/common/css/fonts.css
76,com.protectimus.totpburner.nfc,https://www.protectimus.com/slim-mini/static/css/pm.css
77,com.protectimus.totpburner.nfc,https://www.protectimus.com/slim-mini/static/css/sweet-alert.css
78,com.protectimus.totpburner.nfc,https://www.protectimus.com/slim-mini/static/css/swal-forms.css
79,com.protectimus.totpburner.nfc,https://www.protectimus.com/slim-mini/static/css/style.css
80,com.protectimus.totpburner.nfc,https://www.protectimus.com/slim-mini/static/css/style1.css
81,com.protectimus.totpburner.nfc,https://www.protectimus.com/common/js/jquery/v3.2.1/jquery.min.js
82,com.protectimus.totpburner.nfc,https://www.protectimus.com/slim-mini/static/images/protectimus-logo.png
83,com.protectimus.totpburner.nfc,https://www.protectimus.com/common/js/lazysizes.min.js
84,com.protectimus.totpburner.nfc,https://www.protectimus.com/common/js/tether.min.js
85,com.protectimus.totpburner.nfc,https://maxcdn.bootstrapcdn.com/font-awesome/4.7.0/css/font-awesome.min.css
86,com.protectimus.totpburner.nfc,https://www.protectimus.com/common/js/bootstrap.min.js
87,com.protectimus.totpburner.nfc,https://www.protectimus.com/common/js/jquery.fittext.js
88,com.protectimus.totpburner.nfc,https://www.protectimus.com/common/js/homepage.js
89,com.protectimus.totpburner.nfc,https://www.protectimus.com/slim-mini/static/js/sweet-alert.js
90,com.protectimus.totpburner.nfc,https://www.protectimus.com/slim-mini/static/js/swal-forms.js
91,com.protectimus.totpburner.nfc,https://www.protectimus.com/slim-mini/static/js/main.js
92,com.protectimus.totpburner.nfc,https://www.protectimus.com/cdn-cgi/scripts/5c5dd728/cloudflare-static/email-decode.min.js
93,com.protectimus.totpburner.nfc,https://www.protectimus.com/slim-mini/static/images/tokens/head.jpeg
94,com.protectimus.totpburner.nfc,https://www.protectimus.com/slim-mini/static/images/sprite.png
95,com.protectimus.totpburner.nfc,https://www.protectimus.com/slim-mini/static/images/tokens/1.jpeg
96,com.protectimus.totpburner.nfc,https://www.protectimus.com/slim-mini/static/images/tokens/2.jpeg
97,com.protectimus.totpburner.nfc,https://www.protectimus.com/slim-mini/static/images/tokens/3.jpeg
98,com.protectimus.totpburner.nfc,https://www.protectimus.com/slim-mini/static/images/tokens/5.jpeg
99,com.protectimus.totpburner.nfc,https://www.protectimus.com/slim-mini/static/images/tokens/d3.png
100,com.protectimus.totpburner.nfc,https://www.protectimus.com/common/fonts/pfsquaresanspro-regular.woff
101,com.protectimus.totpburner.nfc,https://www.protectimus.com/slim-mini/static/images/tokens/4.jpeg
102,com.protectimus.totpburner.nfc,https://www.protectimus.com/slim-mini/static/images/tokens/6.jpeg
103,com.protectimus.totpburner.nfc,https://www.protectimus.com/common/fonts/pfsquaresanspro-bold.woff
104,com.protectimus.totpburner.nfc,https://www.protectimus.com/slim-mini/static/images/tokens/d2.png
105,com.protectimus.totpburner.nfc,https://www.protectimus.com/slim-mini/static/images/tokens/d1.png
106,com.protectimus.totpburner.nfc,https://www.protectimus.com/common/fonts/pfsquaresanspro-light.woff
107,com.protectimus.totpburner.nfc,https://www.googletagmanager.com/gtm.js?id=GTM-KXC5GBT
108,com.protectimus.totpburner.nfc,https://www.protectimus.com/common/fonts/pfsquaresanspro-italic.woff
109,com.protectimus.totpburner.nfc,https://fonts.googleapis.com/css?family=Open+Sans:300
110,com.protectimus.totpburner.nfc,https://maxcdn.bootstrapcdn.com/font-awesome/4.7.0/fonts/fontawesome-webfont.woff2?v=4.7.0
111,com.protectimus.totpburner.nfc,https://clients1.google.com/tbproxy/af/query?q=Chc2LjEuMTcxNS4xNDQyL2VuIChHR0xMKRMZEH0qYmczHzsjLX4zYFMkIy0OqqG2JCMt4Pz0FyQjLf4lom8kIy0bvS_GJCMtpoN54CQU
112,com.protectimus.totpburner.nfc,https://update.googleapis.com/service/update2
113,com.protectimus.totpburner.nfc,https://protectimus.com/analytics.js
114,com.protectimus.totpburner.nfc,https://www.protectimus.com/analytics.js
115,com.protectimus.totpburner.nfc,https://www.google-analytics.com/j/collect?v=1&_v=j93&a=1370218531&t=pageview&_s=1&dl=https%3A%2F%2Fwww.protectimus.com%2Fslim-mini%2Findex.php&ul=en-au&de=UTF-8&dt=Protectimus%20Slim%20NFC%20-%20Programmable%20Hardware%20OTP%20Token&sd=24-bit&sr=412x892&vp=412x756&je=0&_u=IEBAAEABAAAAAC~&jid=1633891314&gjid=513160541&cid=59865483.1631968033&tid=UA-56085107-1&_gid=1132510920.1631968033&_r=1&_slc=1&z=2045063400
116,com.protectimus.totpburner.nfc,https://m.youtube.com/watch?v=kBwEFz_WIdQ&pp=sAQA
117,com.protectimus.totpburner.nfc,https://m.youtube.com/static/r/ee622291/scheduler.vflset/scheduler.js
118,com.protectimus.totpburner.nfc,https://m.youtube.com/static/r/ee622291/fetch_polyfill.vflset/fetch_polyfill.js
119,com.protectimus.totpburner.nfc,https://m.youtube.com/s/_/ytmweb/_/ss/k=ytmweb.c3_base.4em14VfhiBM.L.W.O/am=wBE/d=0/rs=ABnK5FJxmrqki49eevGboCHP95tHtXY9sQ
120,com.protectimus.totpburner.nfc,https://m.youtube.com/s/_/ytmweb/_/js/k=ytmweb.c3_base.en_US.yZxlVYjpFFA.O/am=wAE/d=1/rs=ABnK5FJInXL1MRdKyHxIZ6LvNiJD7j1_dA/m=c3_base
121,com.protectimus.totpburner.nfc,https://m.youtube.com/s/player/d7a19ed1/mobile-polymer-player-svg-ias-mweb-2x.css
122,com.protectimus.totpburner.nfc,https://m.youtube.com/s/player/d7a19ed1/player-plasma-ias-phone-en_GB.vflset/base.js
123,com.protectimus.totpburner.nfc,https://m.youtube.com/s/_/ytmweb/_/js/k=ytmweb.c3_base.en_US.yZxlVYjpFFA.O/am=wAE/d=1/exm=c3_base/ed=1/rs=ABnK5FJInXL1MRdKyHxIZ6LvNiJD7j1_dA/m=Rv3e3d
124,com.protectimus.totpburner.nfc,https://accounts.google.com/ServiceLogin?ltmpl=mobile&service=youtube&uilel=3&passive=true&continue=https%3A%2F%2Fm.youtube.com%2Fsignin%3Faction_handle_signin%3Dtrue%26app%3Dm%26hl%3Den-GB%26next%3D%252Fsignin_passive%26feature%3Dmobile_passive%26noapp%3D1&hl=en-GB
125,com.protectimus.totpburner.nfc,https://r5---sn-hufvjvgx-ntql.googlevideo.com/videoplayback?expire=1631989634&ei=IttFYfz4L_Svmgf5xabgAw&ip=139.218.99.164&id=o-AKYZWT9O0tXqiJ5rLg080wRZroloV11Fv61L-9uMOUdi&itag=243&aitags=133%2C134%2C135%2C136%2C137%2C160%2C242%2C243%2C244%2C247%2C248%2C278%2C394%2C395%2C396%2C397%2C398%2C399&source=youtube&requiressl=yes&mh=ow&mm=31%2C29&mn=sn-hufvjvgx-ntql%2Csn-ntqe6nes&ms=au%2Crdu&mv=m&mvi=5&pl=21&initcwndbps=1421250&vprv=1&mime=video%2Fwebm&ns=YNQSvzHDIhI2JAYBQVJeLbMG&gir=yes&clen=1124009&dur=50.320&lmt=1611401073223128&mt=1631967651&fvip=5&keepalive=yes&fexp=24001373%2C24007246&c=MWEB&txp=5535432&n=_vzFLM7y6B70MA&sparams=expire%2Cei%2Cip%2Cid%2Caitags%2Csource%2Crequiressl%2Cvprv%2Cmime%2Cns%2Cgir%2Cclen%2Cdur%2Clmt&sig=AOq0QJ8wRQIhAIEdCTpryMU9z_fEr224Mt-fgHXyPWNUXa1rRf9Qg3jTAiBHocORF6siBXW8SZIIR9f-UcQHzldxBLLQUfEfS-8APg%3D%3D&lsparams=mh%2Cmm%2Cmn%2Cms%2Cmv%2Cmvi%2Cpl%2Cinitcwndbps&lsig=AG3C_xAwRgIhAOpI34SxauN1JfZ9SU5Doa-GC4JAxQyA6pV4BH50mSclAiEArUkWuQrgJmRMBNZmzS36mVirPTURHzGXTP_FC1IfFcI%3D&alr=yes&cpn=mVTDDNXHXNAV64dL&cver=2.20210916.06.01&range=0-89357&rn=1&rbuf=0
126,com.protectimus.totpburner.nfc,https://r5---sn-hufvjvgx-ntql.googlevideo.com/videoplayback?expire=1631989634&ei=IttFYfz4L_Svmgf5xabgAw&ip=139.218.99.164&id=o-AKYZWT9O0tXqiJ5rLg080wRZroloV11Fv61L-9uMOUdi&itag=251&source=youtube&requiressl=yes&mh=ow&mm=31%2C29&mn=sn-hufvjvgx-ntql%2Csn-ntqe6nes&ms=au%2Crdu&mv=m&mvi=5&pl=21&initcwndbps=1421250&vprv=1&mime=audio%2Fwebm&ns=YNQSvzHDIhI2JAYBQVJeLbMG&gir=yes&clen=685143&dur=50.341&lmt=1611399939484873&mt=1631967651&fvip=5&keepalive=yes&fexp=24001373%2C24007246&c=MWEB&txp=5531432&n=_vzFLM7y6B70MA&sparams=expire%2Cei%2Cip%2Cid%2Citag%2Csource%2Crequiressl%2Cvprv%2Cmime%2Cns%2Cgir%2Cclen%2Cdur%2Clmt&sig=AOq0QJ8wRAIgSW2y3a2M2ezcvs6RAn5JZbKgCMFPYlQZe4LW7_BO-nICIAi_eBztZtNBesLE6Ry8x91iZ9u5KyX6hoApDZ8za2ft&lsparams=mh%2Cmm%2Cmn%2Cms%2Cmv%2Cmvi%2Cpl%2Cinitcwndbps&lsig=AG3C_xAwRgIhAOpI34SxauN1JfZ9SU5Doa-GC4JAxQyA6pV4BH50mSclAiEArUkWuQrgJmRMBNZmzS36mVirPTURHzGXTP_FC1IfFcI%3D&alr=yes&cpn=mVTDDNXHXNAV64dL&cver=2.20210916.06.01&range=0-65893&rn=2&rbuf=0
127,com.protectimus.totpburner.nfc,"https://m.youtube.com/api/stats/qoe?event=streamingstats&fmt=243&afmt=251&cpn=mVTDDNXHXNAV64dL&ei=IttFYfG_McKV4t4P2MGnmAI&el=detailpage&docid=kBwEFz_WIdQ&ns=yt&fexp=23897180%2C23923339%2C23983296%2C24001373%2C24002022%2C24002025%2C24002922%2C24004644%2C24007246%2C24045475%2C24045477%2C24078601%2C24080738%2C24082661%2C24083162%2C24083164%2C24083188%2C24083190%2C24096481%2C24101841%2C24632128&cl=397162147&seq=1&cbrand=samsung&cbr=Chrome%20Mobile&cbrver=78.0.3904.96&c=MWEB&cver=2.20210916.06.01&cplayer=UNIPLAYER&cmodel=sm-a505yn&cos=Android&cosver=10&cplatform=MOBILE&vps=0.000:N,0.062:N&afs=0.061:251::i&vfs=0.062:243:243::d&view=0.062:412:232:2.625&bwe=0.062:130000&vis=0.062:3&cmt=0.062:0.000&conn=0.062:3&bh=0.062:0.000"
128,com.protectimus.totpburner.nfc,https://clients1.google.com/tbproxy/af/query?q=Chc2LjEuMTcxNS4xNDQyL2VuIChHR0xMKRMZ95ZKsrtvkVgjLWdns_4kFA==
129,com.protectimus.totpburner.nfc,"https://r5---sn-ntqe6nes.googlevideo.com/videoplayback?expire=1631989634&ei=IttFYfz4L_Svmgf5xabgAw&ip=139.218.99.164&id=o-AKYZWT9O0tXqiJ5rLg080wRZroloV11Fv61L-9uMOUdi&itag=243&aitags=133%2C134%2C135%2C136%2C137%2C160%2C242%2C243%2C244%2C247%2C248%2C278%2C394%2C395%2C396%2C397%2C398%2C399&source=youtube&requiressl=yes&vprv=1&mime=video%2Fwebm&ns=YNQSvzHDIhI2JAYBQVJeLbMG&gir=yes&clen=1124009&dur=50.320&lmt=1611401073223128&keepalive=yes&fexp=24001373,24007246&c=MWEB&txp=5535432&n=_vzFLM7y6B70MA&sparams=expire%2Cei%2Cip%2Cid%2Caitags%2Csource%2Crequiressl%2Cvprv%2Cmime%2Cns%2Cgir%2Cclen%2Cdur%2Clmt&sig=AOq0QJ8wRQIhAIEdCTpryMU9z_fEr224Mt-fgHXyPWNUXa1rRf9Qg3jTAiBHocORF6siBXW8SZIIR9f-UcQHzldxBLLQUfEfS-8APg%3D%3D&alr=yes&cpn=mVTDDNXHXNAV64dL&cver=2.20210916.06.01&redirect_counter=1&cm2rm=sn-hufvjvgx-ntql76&cms_redirect=yes&mh=ow&mm=29&mn=sn-ntqe6nes&ms=rdu&mt=1631967890&mv=m&mvi=5&pl=21&lsparams=mh,mm,mn,ms,mv,mvi,pl&lsig=AG3C_xAwRQIgMmWc4HytTMYOnkFxm9ru1NkbPczNhglzQeVzZqgDf9sCIQDAzc0lfTno-3HLp24pJ3gmQhhvYrThTezeTf_5CBmUwg%3D%3D&range=0-89357&rn=3&rbuf=0&altitags=242%2C278"
130,com.protectimus.totpburner.nfc,"https://r5---sn-ntqe6nes.googlevideo.com/videoplayback?expire=1631989634&ei=IttFYfz4L_Svmgf5xabgAw&ip=139.218.99.164&id=o-AKYZWT9O0tXqiJ5rLg080wRZroloV11Fv61L-9uMOUdi&itag=251&source=youtube&requiressl=yes&vprv=1&mime=audio%2Fwebm&ns=YNQSvzHDIhI2JAYBQVJeLbMG&gir=yes&clen=685143&dur=50.341&lmt=1611399939484873&keepalive=yes&fexp=24001373,24007246&c=MWEB&txp=5531432&n=_vzFLM7y6B70MA&sparams=expire%2Cei%2Cip%2Cid%2Citag%2Csource%2Crequiressl%2Cvprv%2Cmime%2Cns%2Cgir%2Cclen%2Cdur%2Clmt&sig=AOq0QJ8wRAIgSW2y3a2M2ezcvs6RAn5JZbKgCMFPYlQZe4LW7_BO-nICIAi_eBztZtNBesLE6Ry8x91iZ9u5KyX6hoApDZ8za2ft&alr=yes&cpn=mVTDDNXHXNAV64dL&cver=2.20210916.06.01&redirect_counter=1&cm2rm=sn-hufvjvgx-ntql76&cms_redirect=yes&mh=ow&mm=29&mn=sn-ntqe6nes&ms=rdu&mt=1631967890&mv=m&mvi=5&pl=21&lsparams=mh,mm,mn,ms,mv,mvi,pl&lsig=AG3C_xAwRQIhAKCQ9pEolvdFcQqwvg0A2tHEwRIoETz-BYFIv_8BRjlwAiBWSl5HmEcfz9K8aqWd4hxbDCOFQmUErBR44azAiG9j5g%3D%3D&range=0-65893&rn=4&rbuf=0"
131,com.protectimus.totpburner.nfc,https://m.youtube.com/static/favicon.ico
132,com.protectimus.totpburner.nfc,"https://r5---sn-ntqe6nes.googlevideo.com/videoplayback?expire=1631989634&ei=IttFYfz4L_Svmgf5xabgAw&ip=139.218.99.164&id=o-AKYZWT9O0tXqiJ5rLg080wRZroloV11Fv61L-9uMOUdi&itag=251&source=youtube&requiressl=yes&vprv=1&mime=audio%2Fwebm&ns=YNQSvzHDIhI2JAYBQVJeLbMG&gir=yes&clen=685143&dur=50.341&lmt=1611399939484873&keepalive=yes&fexp=24001373,24007246&c=MWEB&txp=5531432&n=_vzFLM7y6B70MA&sparams=expire%2Cei%2Cip%2Cid%2Citag%2Csource%2Crequiressl%2Cvprv%2Cmime%2Cns%2Cgir%2Cclen%2Cdur%2Clmt&sig=AOq0QJ8wRAIgSW2y3a2M2ezcvs6RAn5JZbKgCMFPYlQZe4LW7_BO-nICIAi_eBztZtNBesLE6Ry8x91iZ9u5KyX6hoApDZ8za2ft&alr=yes&cpn=mVTDDNXHXNAV64dL&cver=2.20210916.06.01&redirect_counter=1&cm2rm=sn-hufvjvgx-ntql76&cms_redirect=yes&mh=ow&mm=29&mn=sn-ntqe6nes&ms=rdu&mt=1631967890&mv=m&mvi=5&pl=21&lsparams=mh,mm,mn,ms,mv,mvi,pl&lsig=AG3C_xAwRQIhAKCQ9pEolvdFcQqwvg0A2tHEwRIoETz-BYFIv_8BRjlwAiBWSl5HmEcfz9K8aqWd4hxbDCOFQmUErBR44azAiG9j5g%3D%3D&range=65894-144690&rn=5&rbuf=4437"
133,com.protectimus.totpburner.nfc,https://www.google.com/js/th/yw_eCSGMjhPjDv0AeozivP1osuGalgpkOu_Nl1-Qc2c.js
134,com.protectimus.totpburner.nfc,https://static.doubleclick.net/instream/ad_status.js
135,com.protectimus.totpburner.nfc,"https://r5---sn-ntqe6nes.googlevideo.com/videoplayback?expire=1631989634&ei=IttFYfz4L_Svmgf5xabgAw&ip=139.218.99.164&id=o-AKYZWT9O0tXqiJ5rLg080wRZroloV11Fv61L-9uMOUdi&itag=243&aitags=133%2C134%2C135%2C136%2C137%2C160%2C242%2C243%2C244%2C247%2C248%2C278%2C394%2C395%2C396%2C397%2C398%2C399&source=youtube&requiressl=yes&vprv=1&mime=video%2Fwebm&ns=YNQSvzHDIhI2JAYBQVJeLbMG&gir=yes&clen=1124009&dur=50.320&lmt=1611401073223128&keepalive=yes&fexp=24001373,24007246&c=MWEB&txp=5535432&n=_vzFLM7y6B70MA&sparams=expire%2Cei%2Cip%2Cid%2Caitags%2Csource%2Crequiressl%2Cvprv%2Cmime%2Cns%2Cgir%2Cclen%2Cdur%2Clmt&sig=AOq0QJ8wRQIhAIEdCTpryMU9z_fEr224Mt-fgHXyPWNUXa1rRf9Qg3jTAiBHocORF6siBXW8SZIIR9f-UcQHzldxBLLQUfEfS-8APg%3D%3D&alr=yes&cpn=mVTDDNXHXNAV64dL&cver=2.20210916.06.01&redirect_counter=1&cm2rm=sn-hufvjvgx-ntql76&cms_redirect=yes&mh=ow&mm=29&mn=sn-ntqe6nes&ms=rdu&mt=1631967890&mv=m&mvi=5&pl=21&lsparams=mh,mm,mn,ms,mv,mvi,pl&lsig=AG3C_xAwRQIgMmWc4HytTMYOnkFxm9ru1NkbPczNhglzQeVzZqgDf9sCIQDAzc0lfTno-3HLp24pJ3gmQhhvYrThTezeTf_5CBmUwg%3D%3D&range=89358-266750&rn=6&rbuf=4725"
136,com.protectimus.totpburner.nfc,"https://r5---sn-ntqe6nes.googlevideo.com/videoplayback?expire=1631989634&ei=IttFYfz4L_Svmgf5xabgAw&ip=139.218.99.164&id=o-AKYZWT9O0tXqiJ5rLg080wRZroloV11Fv61L-9uMOUdi&itag=251&source=youtube&requiressl=yes&vprv=1&mime=audio%2Fwebm&ns=YNQSvzHDIhI2JAYBQVJeLbMG&gir=yes&clen=685143&dur=50.341&lmt=1611399939484873&keepalive=yes&fexp=24001373,24007246&c=MWEB&txp=5531432&n=_vzFLM7y6B70MA&sparams=expire%2Cei%2Cip%2Cid%2Citag%2Csource%2Crequiressl%2Cvprv%2Cmime%2Cns%2Cgir%2Cclen%2Cdur%2Clmt&sig=AOq0QJ8wRAIgSW2y3a2M2ezcvs6RAn5JZbKgCMFPYlQZe4LW7_BO-nICIAi_eBztZtNBesLE6Ry8x91iZ9u5KyX6hoApDZ8za2ft&alr=yes&cpn=mVTDDNXHXNAV64dL&cver=2.20210916.06.01&redirect_counter=1&cm2rm=sn-hufvjvgx-ntql76&cms_redirect=yes&mh=ow&mm=29&mn=sn-ntqe6nes&ms=rdu&mt=1631967890&mv=m&mvi=5&pl=21&lsparams=mh,mm,mn,ms,mv,mvi,pl&lsig=AG3C_xAwRQIhAKCQ9pEolvdFcQqwvg0A2tHEwRIoETz-BYFIv_8BRjlwAiBWSl5HmEcfz9K8aqWd4hxbDCOFQmUErBR44azAiG9j5g%3D%3D&range=144691-295323&rn=7&rbuf=9772"
137,com.protectimus.totpburner.nfc,https://m.youtube.com/generate_204?XKJ6_Q
138,com.protectimus.totpburner.nfc,https://m.youtube.com/youtubei/v1/log_event?alt=json&key=AIzaSyAO_FJ2SlqU8Q4STEHLGCilw_Y9_11qcW8
139,com.protectimus.totpburner.nfc,https://clients4.google.com/rappor
140,com.protectimus.totpburner.nfc,"https://r5---sn-ntqe6nes.googlevideo.com/videoplayback?expire=1631989634&ei=IttFYfz4L_Svmgf5xabgAw&ip=139.218.99.164&id=o-AKYZWT9O0tXqiJ5rLg080wRZroloV11Fv61L-9uMOUdi&itag=243&aitags=133%2C134%2C135%2C136%2C137%2C160%2C242%2C243%2C244%2C247%2C248%2C278%2C394%2C395%2C396%2C397%2C398%2C399&source=youtube&requiressl=yes&vprv=1&mime=video%2Fwebm&ns=YNQSvzHDIhI2JAYBQVJeLbMG&gir=yes&clen=1124009&dur=50.320&lmt=1611401073223128&keepalive=yes&fexp=24001373,24007246&c=MWEB&txp=5535432&n=_vzFLM7y6B70MA&sparams=expire%2Cei%2Cip%2Cid%2Caitags%2Csource%2Crequiressl%2Cvprv%2Cmime%2Cns%2Cgir%2Cclen%2Cdur%2Clmt&sig=AOq0QJ8wRQIhAIEdCTpryMU9z_fEr224Mt-fgHXyPWNUXa1rRf9Qg3jTAiBHocORF6siBXW8SZIIR9f-UcQHzldxBLLQUfEfS-8APg%3D%3D&alr=yes&cpn=mVTDDNXHXNAV64dL&cver=2.20210916.06.01&redirect_counter=1&cm2rm=sn-hufvjvgx-ntql76&cms_redirect=yes&mh=ow&mm=29&mn=sn-ntqe6nes&ms=rdu&mt=1631967890&mv=m&mvi=5&pl=21&lsparams=mh,mm,mn,ms,mv,mvi,pl&lsig=AG3C_xAwRQIgMmWc4HytTMYOnkFxm9ru1NkbPczNhglzQeVzZqgDf9sCIQDAzc0lfTno-3HLp24pJ3gmQhhvYrThTezeTf_5CBmUwg%3D%3D&range=266751-744935&rn=8&rbuf=14760"
141,com.protectimus.totpburner.nfc,"https://m.youtube.com/api/stats/qoe?event=streamingstats&fmt=243&afmt=251&cpn=mVTDDNXHXNAV64dL&ei=IttFYfG_McKV4t4P2MGnmAI&el=detailpage&docid=kBwEFz_WIdQ&ns=yt&fexp=23897180%2C23923339%2C23983296%2C24001373%2C24002022%2C24002025%2C24002922%2C24004644%2C24007246%2C24045475%2C24045477%2C24078601%2C24080738%2C24082661%2C24083162%2C24083164%2C24083188%2C24083190%2C24096481%2C24101841%2C24632128&cl=397162147&seq=2&cbrand=samsung&cbr=Chrome%20Mobile&cbrver=78.0.3904.96&c=MWEB&cver=2.20210916.06.01&cplayer=UNIPLAYER&cmodel=sm-a505yn&cos=Android&cosver=10&cplatform=MOBILE&cmt=0.151:0.000,10.689:0.000&vps=0.151:B,10.689:B&bwm=10.689:564124:1.954&bwe=10.689:941607&bat=10.689:0.59:1&bh=10.689:0.000"
142,com.protectimus.totpburner.nfc,"https://r5---sn-ntqe6nes.googlevideo.com/videoplayback?expire=1631989634&ei=IttFYfz4L_Svmgf5xabgAw&ip=139.218.99.164&id=o-AKYZWT9O0tXqiJ5rLg080wRZroloV11Fv61L-9uMOUdi&itag=251&source=youtube&requiressl=yes&vprv=1&mime=audio%2Fwebm&ns=YNQSvzHDIhI2JAYBQVJeLbMG&gir=yes&clen=685143&dur=50.341&lmt=1611399939484873&keepalive=yes&fexp=24001373,24007246&c=MWEB&txp=5531432&n=_vzFLM7y6B70MA&sparams=expire%2Cei%2Cip%2Cid%2Citag%2Csource%2Crequiressl%2Cvprv%2Cmime%2Cns%2Cgir%2Cclen%2Cdur%2Clmt&sig=AOq0QJ8wRAIgSW2y3a2M2ezcvs6RAn5JZbKgCMFPYlQZe4LW7_BO-nICIAi_eBztZtNBesLE6Ry8x91iZ9u5KyX6hoApDZ8za2ft&alr=yes&cpn=mVTDDNXHXNAV64dL&cver=2.20210916.06.01&redirect_counter=1&cm2rm=sn-hufvjvgx-ntql76&cms_redirect=yes&mh=ow&mm=29&mn=sn-ntqe6nes&ms=rdu&mt=1631967890&mv=m&mvi=5&pl=21&lsparams=mh,mm,mn,ms,mv,mvi,pl&lsig=AG3C_xAwRQIhAKCQ9pEolvdFcQqwvg0A2tHEwRIoETz-BYFIv_8BRjlwAiBWSl5HmEcfz9K8aqWd4hxbDCOFQmUErBR44azAiG9j5g%3D%3D&range=295324-619230&rn=9&rbuf=20001"
143,com.protectimus.totpburner.nfc,"https://r5---sn-ntqe6nes.googlevideo.com/videoplayback?expire=1631989634&ei=IttFYfz4L_Svmgf5xabgAw&ip=139.218.99.164&id=o-AKYZWT9O0tXqiJ5rLg080wRZroloV11Fv61L-9uMOUdi&itag=243&aitags=133%2C134%2C135%2C136%2C137%2C160%2C242%2C243%2C244%2C247%2C248%2C278%2C394%2C395%2C396%2C397%2C398%2C399&source=youtube&requiressl=yes&vprv=1&mime=video%2Fwebm&ns=YNQSvzHDIhI2JAYBQVJeLbMG&gir=yes&clen=1124009&dur=50.320&lmt=1611401073223128&keepalive=yes&fexp=24001373,24007246&c=MWEB&txp=5535432&n=_vzFLM7y6B70MA&sparams=expire%2Cei%2Cip%2Cid%2Caitags%2Csource%2Crequiressl%2Cvprv%2Cmime%2Cns%2Cgir%2Cclen%2Cdur%2Clmt&sig=AOq0QJ8wRQIhAIEdCTpryMU9z_fEr224Mt-fgHXyPWNUXa1rRf9Qg3jTAiBHocORF6siBXW8SZIIR9f-UcQHzldxBLLQUfEfS-8APg%3D%3D&alr=yes&cpn=mVTDDNXHXNAV64dL&cver=2.20210916.06.01&redirect_counter=1&cm2rm=sn-hufvjvgx-ntql76&cms_redirect=yes&mh=ow&mm=29&mn=sn-ntqe6nes&ms=rdu&mt=1631967890&mv=m&mvi=5&pl=21&lsparams=mh,mm,mn,ms,mv,mvi,pl&lsig=AG3C_xAwRQIgMmWc4HytTMYOnkFxm9ru1NkbPczNhglzQeVzZqgDf9sCIQDAzc0lfTno-3HLp24pJ3gmQhhvYrThTezeTf_5CBmUwg%3D%3D&range=744936-1124008&rn=10&rbuf=34960"
144,com.protectimus.totpburner.nfc,"https://r5---sn-ntqe6nes.googlevideo.com/videoplayback?expire=1631989634&ei=IttFYfz4L_Svmgf5xabgAw&ip=139.218.99.164&id=o-AKYZWT9O0tXqiJ5rLg080wRZroloV11Fv61L-9uMOUdi&itag=251&source=youtube&requiressl=yes&vprv=1&mime=audio%2Fwebm&ns=YNQSvzHDIhI2JAYBQVJeLbMG&gir=yes&clen=685143&dur=50.341&lmt=1611399939484873&keepalive=yes&fexp=24001373,24007246&c=MWEB&txp=5531432&n=_vzFLM7y6B70MA&sparams=expire%2Cei%2Cip%2Cid%2Citag%2Csource%2Crequiressl%2Cvprv%2Cmime%2Cns%2Cgir%2Cclen%2Cdur%2Clmt&sig=AOq0QJ8wRAIgSW2y3a2M2ezcvs6RAn5JZbKgCMFPYlQZe4LW7_BO-nICIAi_eBztZtNBesLE6Ry8x91iZ9u5KyX6hoApDZ8za2ft&alr=yes&cpn=mVTDDNXHXNAV64dL&cver=2.20210916.06.01&redirect_counter=1&cm2rm=sn-hufvjvgx-ntql76&cms_redirect=yes&mh=ow&mm=29&mn=sn-ntqe6nes&ms=rdu&mt=1631967890&mv=m&mvi=5&pl=21&lsparams=mh,mm,mn,ms,mv,mvi,pl&lsig=AG3C_xAwRQIhAKCQ9pEolvdFcQqwvg0A2tHEwRIoETz-BYFIv_8BRjlwAiBWSl5HmEcfz9K8aqWd4hxbDCOFQmUErBR44azAiG9j5g%3D%3D&range=619231-685142&rn=11&rbuf=40001"
145,com.protectimus.totpburner.nfc,https://m.youtube.com/api/stats/qoe?event=streamingstats&fmt=243&afmt=251&cpn=mVTDDNXHXNAV64dL&ei=IttFYfG_McKV4t4P2MGnmAI&el=detailpage&docid=kBwEFz_WIdQ&ns=yt&fexp=23897180%2C23923339%2C23983296%2C24001373%2C24002022%2C24002025%2C24002922%2C24004644%2C24007246%2C24045475%2C24045477%2C24078601%2C24080738%2C24082661%2C24083162%2C24083164%2C24083188%2C24083190%2C24096481%2C24101841%2C24632128&cl=397162147&seq=3&cbrand=samsung&cbr=Chrome%20Mobile&cbrver=78.0.3904.96&c=MWEB&cver=2.20210916.06.01&cplayer=UNIPLAYER&cmodel=sm-a505yn&cos=Android&cosver=10&cplatform=MOBILE&vps=40.740:B&bwm=40.740:1247077:1.777&bwe=40.740:828754&bat=40.740:0.59:1&cmt=40.740:0.000&bh=40.740:0.000
146,com.sgn.sgotp.lotte,https://play.google.com/store/apps/details?id=com.sgn.sgotp.lotte&hl=it
147,oracle.idm.mobile.authenticator,http://connectivitycheck.gstatic.com/generate_204
148,com.dreammirae.anyauth.android,https://firebase-settings.crashlytics.com/spi/v2/platforms/android/gmp/1:354592077484:android:6c7d699c8afadfe4a7d109/settings?instance=23482f96c382d17fc6d9046772da210ab4382c1e&build_version=13&display_version=1.3.1&source=1
149,com.dreammirae.anyauth.android,https://firebaseinstallations.googleapis.com/v1/projects/anyauth-cd01c/installations
150,com.dreammirae.anyauth.android,https://firebaseremoteconfig.googleapis.com/v1/projects/354592077484/namespaces/firebase:fetch
151,com.dreammirae.anyauth.android,https://mgw.dreammirae.com:8443/anyauth/json
152,dev.cat.coffee.authenticator,https://googleads.g.doubleclick.net/mads/static/mad/sdk/native/production/sdk-core-v40-impl.html
153,dev.cat.coffee.authenticator,https://googleads.g.doubleclick.net/favicon.ico
154,dev.cat.coffee.authenticator,https://googleads.g.doubleclick.net/getconfig/pubsetting?app_name=dev.cat.coffee.authenticator&client=ca-app-pub-7901804148123987&admob_appcc=8290127569
155,vn.com.sacombank.msign,https://accounts.google.com/ListAccounts?gpsia=1&source=ChromiumBrowser&json=standard
156,vn.com.sacombank.msign,https://msacombank.com.vn/
157,vn.com.sacombank.msign,https://www.isacombank.com.vn/
158,vn.com.sacombank.msign,https://www.isacombank.com.vn/corp/AuthenticationController?FORMSGROUP_ID__=AuthenticationFG&__START_TRAN_FLAG__=Y&FG_BUTTONS__=LOAD&ACTION.LOAD=Y&AuthenticationFG.LOGIN_FLAG=1&BANK_ID=303&LANGUAGE_ID=003
159,vn.com.sacombank.msign,https://www.isacombank.com.vn/corp/L003/consumer/theme/materialize.css
160,vn.com.sacombank.msign,https://www.isacombank.com.vn/corp/L003/consumer/theme/mega-menu.css
161,vn.com.sacombank.msign,https://www.isacombank.com.vn/corp/L003/consumer/theme/layout_master.css
162,vn.com.sacombank.msign,https://www.isacombank.com.vn/corp/L003/consumer/theme/application_master.css
163,vn.com.sacombank.msign,https://www.isacombank.com.vn/corp/Stb/theme/responsive_01.stb.css
164,vn.com.sacombank.msign,https://www.isacombank.com.vn/corp/L003/consumer/theme/retailSpecificStyles.css
165,vn.com.sacombank.msign,https://www.isacombank.com.vn/corp/L003/consumer/theme/materialize_master.css
166,vn.com.sacombank.msign,https://www.isacombank.com.vn/corp/L003/consumer/theme/mediaQueryApplication.css
167,vn.com.sacombank.msign,https://www.isacombank.com.vn/corp/L003/consumer/theme/jquery-ui.custom_UX5.css
168,vn.com.sacombank.msign,https://www.isacombank.com.vn/corp/L003/consumer/theme/lib_themes.css
169,vn.com.sacombank.msign,https://www.isacombank.com.vn/corp/L003/consumer/theme/jquery-calendars-picker.css
170,vn.com.sacombank.msign,https://www.isacombank.com.vn/corp/L003/consumer/theme/responsiveTables.css
171,vn.com.sacombank.msign,https://www.isacombank.com.vn/corp/L003/consumer/theme/additional_temporary.css
172,vn.com.sacombank.msign,https://www.isacombank.com.vn/corp/L003/consumer/theme/SacomStylesUX5.css
173,vn.com.sacombank.msign,https://www.isacombank.com.vn/corp/L003/consumer/theme/vn.stb.css
174,vn.com.sacombank.msign,https://www.isacombank.com.vn/corp/Stb/theme/topbar.stb.css
175,vn.com.sacombank.msign,https://www.isacombank.com.vn/corp/L003/consumer/theme/materializeHorizontal.css
176,vn.com.sacombank.msign,https://www.isacombank.com.vn/corp/Stb/theme/jquery.fullPage.min.stb.css
177,vn.com.sacombank.msign,https://www.isacombank.com.vn/corp/Stb/theme/style.stb.css
178,vn.com.sacombank.msign,https://www.isacombank.com.vn/corp/Stb/theme/footer.stb.css
179,vn.com.sacombank.msign,https://www.isacombank.com.vn/corp/Stb/theme/menu.prelogin.stb.css
180,vn.com.sacombank.msign,https://www.isacombank.com.vn/corp/Stb/theme/master.stb.css
181,vn.com.sacombank.msign,https://www.isacombank.com.vn/corp/Stb/theme/StbSlideshow.css
182,vn.com.sacombank.msign,https://www.isacombank.com.vn/corp/Stb/theme/popup.stb.css
183,vn.com.sacombank.msign,https://www.isacombank.com.vn/corp/scripts/common/Ncalendar1.js
184,vn.com.sacombank.msign,"https://www.isacombank.com.vn/corp/scripts/common/materializeNFEBAScripts.js?moduleId=user,scriptsPath=scripts,isVdtMode=false,nodePath=,ipAddress=0.0.0.0.0.0,contextPath="
185,vn.com.sacombank.msign,https://www.isacombank.com.vn/corp/Stb/js/Stb_global.js
186,vn.com.sacombank.msign,https://www.isacombank.com.vn/corp/Stb/js/jquery.fullPage.min.js
187,vn.com.sacombank.msign,https://www.isacombank.com.vn/corp/Stb/js/index.js
188,vn.com.sacombank.msign,https://www.isacombank.com.vn/corp/scripts/common/vnpt-plugin.js
189,vn.com.sacombank.msign,https://www.isacombank.com.vn/corp/scripts/common/base64.js
190,vn.com.sacombank.msign,https://www.isacombank.com.vn/corp/scripts/common/CustomDigitalSigning.js
191,vn.com.sacombank.msign,https://www.isacombank.com.vn/corp/scripts/common/NFEBAFunctionLoader.js
192,vn.com.sacombank.msign,https://www.isacombank.com.vn/corp/scripts/common/Ncooltree.js
193,vn.com.sacombank.msign,https://www.isacombank.com.vn/corp/scripts/ria/ajaxfeatures/jquery-3.5.1.min.js
194,vn.com.sacombank.msign,https://www.isacombank.com.vn/corp/scripts/ria/ajaxfeatures/jquery.plugin.js
195,vn.com.sacombank.msign,https://www.isacombank.com.vn/corp/scripts/ria/ajaxfeatures/jquery.class.js
196,vn.com.sacombank.msign,https://www.isacombank.com.vn/corp/scripts/common/jquery.auto-complete.UX5.js
197,vn.com.sacombank.msign,https://www.isacombank.com.vn/corp/scripts/common/materializeCommon.js
198,vn.com.sacombank.msign,https://www.isacombank.com.vn/corp/scripts/common/materialize.js
199,vn.com.sacombank.msign,https://www.isacombank.com.vn/corp/scripts/common/materializeNFEBAJavaScripts.js
200,vn.com.sacombank.msign,https://www.isacombank.com.vn/corp/scripts/common/footable_UX5.js
201,vn.com.sacombank.msign,https://www.isacombank.com.vn/corp/scripts/common/jquery.flexisel.js
202,vn.com.sacombank.msign,https://www.isacombank.com.vn/corp/scripts/common/NRWDplugins.js
203,vn.com.sacombank.msign,https://www.isacombank.com.vn/corp/scripts/common/jquery.marquee.min.js
204,vn.com.sacombank.msign,https://www.isacombank.com.vn/corp/scripts/common/jquery.keyboard.js
205,vn.com.sacombank.msign,https://www.isacombank.com.vn/corp/scripts/common/modernizrCustom.js
206,vn.com.sacombank.msign,https://www.isacombank.com.vn/corp/scripts/common/classie.js
207,vn.com.sacombank.msign,https://www.isacombank.com.vn/corp/scripts/common/main.js
208,vn.com.sacombank.msign,https://www.isacombank.com.vn/corp/scripts/common/mega-menu.js
209,vn.com.sacombank.msign,https://www.isacombank.com.vn/corp/Stb/js/jquery.min2.js
210,vn.com.sacombank.msign,https://www.isacombank.com.vn/corp/Stb/js/StbSlideshow.min.js
211,vn.com.sacombank.msign,https://www.isacombank.com.vn/corp/scripts/ckeditor/ckeditor.js
212,vn.com.sacombank.msign,https://www.isacombank.com.vn/corp/scripts/common/NmaterializeHWMails.js
213,vn.com.sacombank.msign,https://www.isacombank.com.vn/corp/scripts/common/Ntree1_format.js
214,vn.com.sacombank.msign,https://www.isacombank.com.vn/corp/scripts/common/Nencrypt.js
215,vn.com.sacombank.msign,https://www.isacombank.com.vn/corp/scripts/common/NcommonMaterialize.js
216,vn.com.sacombank.msign,https://www.isacombank.com.vn/corp/scripts/common/Njson2.js
217,vn.com.sacombank.msign,https://www.isacombank.com.vn/corp/Stb/img/slideshow/tiger4.jpg
218,vn.com.sacombank.msign,https://www.isacombank.com.vn/corp/Stb/img/slideshow/tiger1.jpg
219,vn.com.sacombank.msign,https://www.isacombank.com.vn/corp/Stb/img/slideshow/tiger2.jpg
220,vn.com.sacombank.msign,https://www.isacombank.com.vn/corp/Stb/img/slideshow/tiger3.jpg
221,com.techcombank.stk.corp,http://connectivitycheck.gstatic.com/generate_204
222,com.trumotp.club,http://update.sdkbox.com/check?app_package_id=com.trumotp.club
223,com.trumotp.club,https://metrics.sdkbox.com/?%7B%22AndroidId%22%3A%229a2edc351b248dac%22%2C%22App%22%3A%22Tr%C3%B9m+OTP%22%2C%22CDID%22%3A%225F8B3BDD7E3FF2EA24F54207F52AC514583B2AF0%22%2C%22CocosVersion%22%3A%22v3%22%2C%22IDFA%22%3A%2200000000-0000-0000-0000-000000000001%22%2C%22ProjectType%22%3A%22cpp%22%2C%22SdkboxHost%22%3A%22Cocos2dx%22%2C%22SdkboxVersion%22%3A%22sdkbox+V2.3.17.5%22%2C%22app_package_id%22%3A%22com.trumotp.club%22%2C%22app_token%22%3A%22%22%2C%22billSupport%22%3Afalse%2C%22country_code%22%3A%22AU%22%2C%22data%22%3A%7B%22sequence%22%3A0%2C%22timestamp%22%3A%221631970595403%22%7D%2C%22device%22%3A%22Samsung+SM-A505YN%22%2C%22event%22%3A%22session%22%2C%22latitude%22%3A%22-1.0%22%2C%22longitude%22%3A%22-1.0%22%2C%22os_version%22%3A%22REL%2C+version%3D10%2C+SDK%3D29%22%2C%22platform%22%3A%22android%22%2C%22plugin_key%22%3A%22%22%2C%22plugin_name%22%3A%22SDKBOX_CORE%22%2C%22plugin_version%22%3A%22sdkbox+V2.3.17.5%22%2C%22store%22%3A%22googleplay%22%2C%22timestamp%22%3A%221631970595404%22%7D&
224,com.trumotp.club,https://graph.facebook.com/v2.3/1978383859102678?fields=supports_implicit_sdk_logging%2Cgdpv4_nux_content%2Cgdpv4_nux_enabled%2Candroid_dialog_configs%2Candroid_sdk_error_categories&format=json&sdk=android
225,com.trumotp.club,https://metrics.sdkbox.com/?%7B%22AndroidId%22%3A%229a2edc351b248dac%22%2C%22App%22%3A%22Tr%C3%B9m+OTP%22%2C%22CDID%22%3A%225F8B3BDD7E3FF2EA24F54207F52AC514583B2AF0%22%2C%22CocosVersion%22%3A%22v3%22%2C%22IDFA%22%3A%2200000000-0000-0000-0000-000000000001%22%2C%22ProjectType%22%3A%22js%22%2C%22SdkboxHost%22%3A%22Cocos2dx%22%2C%22SdkboxVersion%22%3A%22sdkbox+V2.3.17.5%22%2C%22app_package_id%22%3A%22com.trumotp.club%22%2C%22app_token%22%3A%22%22%2C%22billSupport%22%3Afalse%2C%22country_code%22%3A%22AU%22%2C%22data%22%3A%7B%22PluginVersion%22%3A%22android+4.20.0%22%7D%2C%22device%22%3A%22Samsung+SM-A505YN%22%2C%22event%22%3A%22init%22%2C%22latitude%22%3A%22-1.0%22%2C%22longitude%22%3A%22-1.0%22%2C%22os_version%22%3A%22REL%2C+version%3D10%2C+SDK%3D29%22%2C%22platform%22%3A%22android%22%2C%22plugin_key%22%3A%221978383859102678%22%2C%22plugin_name%22%3A%22Facebook%22%2C%22plugin_version%22%3A%224.20.2%22%2C%22store%22%3A%22googleplay%22%2C%22timestamp%22%3A%221631970596209%22%7D&
226,com.trumotp.club,https://metrics.sdkbox.com/?%7B%22AndroidId%22%3A%229a2edc351b248dac%22%2C%22App%22%3A%22Tr%C3%B9m+OTP%22%2C%22CDID%22%3A%225F8B3BDD7E3FF2EA24F54207F52AC514583B2AF0%22%2C%22CocosVersion%22%3A%22v3%22%2C%22IDFA%22%3A%2200000000-0000-0000-0000-000000000001%22%2C%22ProjectType%22%3A%22js%22%2C%22SdkboxHost%22%3A%22Cocos2dx%22%2C%22SdkboxVersion%22%3A%22sdkbox+V2.3.17.5%22%2C%22app_package_id%22%3A%22com.trumotp.club%22%2C%22app_token%22%3A%22%22%2C%22billSupport%22%3Afalse%2C%22country_code%22%3A%22AU%22%2C%22data%22%3A%7B%22sequence%22%3A1%2C%22timestamp%22%3A%221631970623064%22%7D%2C%22device%22%3A%22Samsung+SM-A505YN%22%2C%22event%22%3A%22session%22%2C%22latitude%22%3A%22-1.0%22%2C%22longitude%22%3A%22-1.0%22%2C%22os_version%22%3A%22REL%2C+version%3D10%2C+SDK%3D29%22%2C%22platform%22%3A%22android%22%2C%22plugin_key%22%3A%22%22%2C%22plugin_name%22%3A%22SDKBOX_CORE%22%2C%22plugin_version%22%3A%22sdkbox+V2.3.17.5%22%2C%22store%22%3A%22googleplay%22%2C%22timestamp%22%3A%221631970623064%22%7D&
227,com.trumotp.club,https://graph.facebook.com/v2.3/1978383859102678/activities?format=json&sdk=android
228,com.trumotp.club,https://metrics.sdkbox.com/?%7B%22AndroidId%22%3A%229a2edc351b248dac%22%2C%22App%22%3A%22Tr%C3%B9m+OTP%22%2C%22CDID%22%3A%225F8B3BDD7E3FF2EA24F54207F52AC514583B2AF0%22%2C%22CocosVersion%22%3A%22v3%22%2C%22IDFA%22%3A%2200000000-0000-0000-0000-000000000001%22%2C%22ProjectType%22%3A%22js%22%2C%22SdkboxHost%22%3A%22Cocos2dx%22%2C%22SdkboxVersion%22%3A%22sdkbox+V2.3.17.5%22%2C%22app_package_id%22%3A%22com.trumotp.club%22%2C%22app_token%22%3A%22%22%2C%22billSupport%22%3Afalse%2C%22country_code%22%3A%22AU%22%2C%22data%22%3A%7B%22sequence%22%3A2%2C%22timestamp%22%3A%221631970640352%22%7D%2C%22device%22%3A%22Samsung+SM-A505YN%22%2C%22event%22%3A%22session%22%2C%22latitude%22%3A%22-1.0%22%2C%22longitude%22%3A%22-1.0%22%2C%22os_version%22%3A%22REL%2C+version%3D10%2C+SDK%3D29%22%2C%22platform%22%3A%22android%22%2C%22plugin_key%22%3A%22%22%2C%22plugin_name%22%3A%22SDKBOX_CORE%22%2C%22plugin_version%22%3A%22sdkbox+V2.3.17.5%22%2C%22store%22%3A%22googleplay%22%2C%22timestamp%22%3A%221631970640352%22%7D&
229,wibmo.com.wibmoAuthApp,http://connectivitycheck.gstatic.com/generate_204
230,br.gov.caixa.codigocaixa,http://connectivitycheck.gstatic.com/generate_204
231,br.gov.caixa.codigocaixa,http://play.googleapis.com/generate_204
232,br.gov.caixa.codigocaixa,http://1.ssiloc.com/p2/22F3
233,br.gov.caixa.codigocaixa,https://login.caixa.gov.br/auth/realms/internet/resource_provider/servertimestamp
234,br.gov.caixa.codigocaixa,https://accounts.google.com/ListAccounts?gpsia=1&source=ChromiumBrowser&json=standard
235,br.gov.caixa.codigocaixa,https://offlinepages-pa.googleapis.com/v1:GeneratePageBundle?key=AIzaSyBOti4mM-6x9WDnZIjIeyEU21OpBXqWBgw
236,br.gov.caixa.codigocaixa,https://www.google.com/httpservice/noretry/DiscoverClankService/FeedQuery?reqpld=CAHCPjsKMQgBEggICigCMAQ4HRgCIg0IThAAGMAeIGAoAjAEKgVlbi1BVTILDQAAKEAQuAgY0xASAggCIAEqAA%3D%3D&fmt=bin&hl=en-AU&key=AIzaSyBOti4mM-6x9WDnZIjIeyEU21OpBXqWBgw
237,br.gov.caixa.codigocaixa,https://inbox.google.com/sync/i/s?hl=en_AU&c=0
238,br.gov.caixa.codigocaixa,https://people-pa.googleapis.com/google.internal.people.v2.minimal.InternalPeopleMinimalService/ListRankedTargets
239,nh.smart.signone,https://newsmart.nonghyup.com/CodeGuard/check.jsp?CODEGUARD_CMD=101&OS=CG1&ABI=arm64-v8a&CODE_APP_INFO=NHSIGNONE4.7_391&CERT=yes
240,com.dxc.ipwr,https://astoolbox.dxc.technology/iPwRProxyApp/api/ipwr/emaildomaindetails
241,com.vn.vib.smeotp,https://firebaseinstallations.googleapis.com/v1/projects/teak-proton-838/installations
242,com.vn.vib.smeotp,https://firebase-settings.crashlytics.com/spi/v2/platforms/android/gmp/1:800862940757:android:31f1e699e03e315efd2edc/settings?instance=491ff0ead3563a9512454b2f4ecbe970dadd5898&build_version=4&display_version=1.1.0&source=1
243,com.vn.vib.smeotp,https://mapiscorp.vib.com.vn/smeapi/appversion/checknewversion
244,at.tugraz.iaik.signapp,https://msign.transsped.ro/signapp/pairing/init
245,com.ftsafe.otp.activity,https://register.xmpush.global.xiaomi.com/pass/v2/register
246,kr.kjun.NaverSetup,https://googleads.g.doubleclick.net/mads/static/mad/sdk/native/production/sdk-core-v40-impl.html
247,kr.kjun.NaverSetup,https://googleads.g.doubleclick.net/favicon.ico
248,kr.kjun.NaverSetup,https://googleads.g.doubleclick.net/getconfig/pubsetting?app_name=kr.kjun.NaverSetup&client=ca-app-pub-4681470946279796&admob_appcc=8718309493
249,kr.kjun.NaverSetup,https://googleads.g.doubleclick.net/getconfig/pubsetting?app_name=kr.kjun.NaverSetup&client=ca-app-pub-4681470946279796&slotname=6004822102
250,iSec.Authenticator,https://in.appcenter.ms/logs?api-version=1.0.0
251,com.protectimus.android,http://protectimus.com/
252,com.systemat.SeeZam_OTP,https://firebaseinstallations.googleapis.com/v1/projects/seezam-a4ef6/installations
253,com.systemat.SeeZam_OTP,https://firebase-settings.crashlytics.com/spi/v2/platforms/android/gmp/1:539682787617:android:275d01732a164fdda4ee60/settings?instance=5d83fc9b48a5e860d540b9833972b4a133dbdf95&build_version=14&display_version=1.2&source=1
254,com.kmcert.myotp,https://www.myotp.co.kr/app/web/myOtpAppVersion.jsp
255,com.gstotpauthenticator,https://firebaseinstallations.googleapis.com/v1/projects/gstotp-d65f9/installations
256,com.gstotpauthenticator,https://accounts.google.com/ListAccounts?gpsia=1&source=ChromiumBrowser&json=standard
257,com.gstotpauthenticator,https://chromefeedcontentsuggestions-pa.googleapis.com/v2/suggestions/fetch?key=AIzaSyBOti4mM-6x9WDnZIjIeyEU21OpBXqWBgw&priority=background_prefetch
258,com.gstotpauthenticator,https://offlinepages-pa.googleapis.com/v1:GeneratePageBundle?key=AIzaSyBOti4mM-6x9WDnZIjIeyEU21OpBXqWBgw
259,de.otp.main,https://onetimepass.telesec.de/4061867b3f2b5936ec7519066ca13067/reinitialize.pl
260,vn.funtap.smartotp,https://api.platformjk.com/payments/sdk/otp/on
261,ua.com.cs.ifobs.mobile.android.otp,https://otpsmart.com.ua/
262,ua.com.cs.ifobs.mobile.android.otp,https://otpsmart.com.ua/WMService/services/WMService
263,com.mds.canarabankapp,https://appotp.canarabank.in/otpapp/Services/ClientAppServices/ClientAppService.svc
264,com.mds.canarabankapp,https://appotp.canarabank.in/otpapp/Services/ClientAppServices/ClientAppService.svc?wsdl
265,com.netfiles.netfilesotp,https://netfiles.de/;internal&action=get.sharedSecret.action
266,eu.netinfo.bcb.otp,https://onlinebanking.bcb.bm/netteller-war/webresources/activate
267,com.stove.otp.google.android,https://otp.onstove.com/MOTP/getAppInfo
268,com.stove.otp.google.android,https://logs.81plug.com/std_stove
269,com.stove.otp.google.android,https://api.onstove.com/gotp/v1.0/getSerial
270,com.stove.otp.google.android,https://api.onstove.com/gotp/v1.0/modifySerialCheck
271,com18deglab.cylocklite,https://www.google.com/
272,com18deglab.cylocklite,https://mobilecrashreporting.googleapis.com/v1/crashes:batchCreate?key=AIzaSyChwc1gVT9al42wA1Rnmvl--CTj8ERclQ8&alt=json
273,com.mdmobiasbancadigipass,https://offlinepages-pa.googleapis.com/v1:GeneratePageBundle?key=AIzaSyBOti4mM-6x9WDnZIjIeyEU21OpBXqWBgw
274,com.mdmobiasbancadigipass,https://accounts.google.com/ListAccounts?gpsia=1&source=ChromiumBrowser&json=standard
275,com.changingtec.motp.pro,https://firebase-settings.crashlytics.com/spi/v2/platforms/android/gmp/1:65989949549:android:2c914e97af6f49a4/settings?instance=3b0f0263d038d1285145c451502dd8f04cb41892&build_version=108&display_version=3.10.7.201224&source=1
276,com.changingtec.motp.pro,https://firebaseinstallations.googleapis.com/v1/projects/hopeful-seat-706/installations
277,com.pacifico.pacificid,https://www.bp.fin.ec/bizbank/detect/public/registration/mobileServices.htm?code=57442575
278,com.pacifico.pacificid,https://www.bp.fin.ec/bizbank/detect/public/registration/mobileServices.htm?code=utihj%20irdyfuf
279,com.pacifico.pacificid,https://www.bp.fin.ec/bizbank/detect/public/registration/mobileServices.htm?code=467565677
280,com.lenovo.otp,https://otp.lenovo.com/otp/client/otp!getCaptcha.action
281,com.lenovo.otp,https://otp.lenovo.com/otp/client/otp!verifyPhoUser.action
282,jp.konami.android.otp_token,https://swt-gate.konamionline.com/swt/VALIDATE_SWT
283,vn.savis.smartid,https://rosenberg.appmetrica.yandex.net/location?encrypted_request=1&deviceid=51cad9dfe1a0ff96aea17535068ed7fe&device_type=phone&uuid=6b643481dc4f46f58816921c22bea6fb&analytics_sdk_version_name=3.5.3&analytics_sdk_build_number=17744&analytics_sdk_build_type=internal&app_version_name=2.7.0&app_build_number=270&os_version=10&os_api_level=29&is_rooted=0&app_framework=native&app_id=ru.yandex.key&app_platform=android&android_id=9a2edc351b248dac&request_id=1&adv_id=00291781-441b-4581-818f-173c2bfee5ab&limit_ad_tracking=0
284,com.azure.authenticator,https://firebaseinstallations.googleapis.com/v1/projects/microsoftauthenticator/installations
285,com.azure.authenticator,https://app.adjust.com/session
286,com.azure.authenticator,https://app.adjust.com/sdk_click
287,com.azure.authenticator,https://in.appcenter.ms/logs?api-version=1.0.0
288,com.azure.authenticator,https://app.adjust.com/attribution?initiated_by=backend&api_level=29&event_buffering_enabled=0&app_version=6.2102.0762&app_token=m2wnb7f4n2f4&os_version=10&created_at=2021-09-03T06%3A25%3A23.378Z%2B1000&device_type=phone&gps_adid=00291781-441b-4581-818f-173c2bfee5ab&android_uuid=98f2b683-5dda-43c4-a083-d622ebd0d7c6&device_name=SM-A505YN&environment=production&needs_response_details=1&attribution_deeplink=1&package_name=com.azure.authenticator&os_name=android&gps_adid_src=service&tracking_enabled=1&sent_at=2021-09-03T06%3A25%3A23.471Z%2B1000
289,com.azure.authenticator,https://mobile.pipe.aria.microsoft.com/Collector/3.0/
290,vietcombank.itcenter.vcbsmartoptv10,https://accounts.google.com/ListAccounts?gpsia=1&source=ChromiumBrowser&json=standard
291,vietcombank.itcenter.vcbsmartoptv10,https://clientservices.googleapis.com/chrome-variations/seed?osname=android&channel=stable&milestone=78
292,vietcombank.itcenter.vcbsmartoptv10,https://www.google.com/httpservice/noretry/DiscoverClankService/FeedQuery?reqpld=CAHCPj8KMQgBEggICigCMAQ4HRgCIg0IThAAGMAeIGAoAjAEKgVlbi1BVTILDQAAKEAQuAgY0xASAggCIAIgCCABKgA%3D&fmt=bin&hl=en-AU&key=AIzaSyBOti4mM-6x9WDnZIjIeyEU21OpBXqWBgw
293,vietcombank.itcenter.vcbsmartoptv10,https://offlinepages-pa.googleapis.com/v1:GeneratePageBundle?key=AIzaSyBOti4mM-6x9WDnZIjIeyEU21OpBXqWBgw
294,vietcombank.itcenter.vcbsmartoptv10,https://smartotp.vietcombank.com.vn/shield/android.html?1
295,vietcombank.itcenter.vcbsmartoptv10,https://smartotp.vietcombank.com.vn/shield/css/styles.css
296,vietcombank.itcenter.vcbsmartoptv10,https://smartotp.vietcombank.com.vn/shield/images/logo30.png
297,vietcombank.itcenter.vcbsmartoptv10,https://smartotp.vietcombank.com.vn/shield/images/icon_lang_vn.gif
298,vietcombank.itcenter.vcbsmartoptv10,https://smartotp.vietcombank.com.vn/shield/images/headerbg30.png
299,vietcombank.itcenter.vcbsmartoptv10,https://smartotp.vietcombank.com.vn/shield/images/footer30.png
300,vietcombank.itcenter.vcbsmartoptv10,https://smartotp.vietcombank.com.vn/shield/images/topbgen30.png
301,vietcombank.itcenter.vcbsmartoptv10,https://update.googleapis.com/service/update2
302,vietcombank.itcenter.vcbsmartoptv10,https://www.vietcombank.com.vn/IBanking/favicon.ico
303,vietcombank.itcenter.vcbsmartoptv10,https://www.vietcombank.com.vn/
304,vietcombank.itcenter.vcbsmartoptv10,https://portal.vietcombank.com.vn/Pages/Home.aspx
305,vietcombank.itcenter.vcbsmartoptv10,https://portal.vietcombank.com.vn/Pages/Home.aspx?devicechannel=default
306,vietcombank.itcenter.vcbsmartoptv10,https://clients4.google.com/rappor
307,com.scrignosa,https://firebaseinstallations.googleapis.com/v1/projects/scrignoidentitel-b75a3/installations
308,com.scrignosa,https://userexperience.popso.it/mbeacon/668d0501-56b5-460f-807d-f1c680c2f955?type=m&srvid=1&app=4cf093dd-cc93-4002-bd33-ec40d6f74454&va=8.207.1.1004&tt=maandroid&pt=0&resp=json&cts=0&ns=1
309,com.scrignosa,https://scrignosa-api.popso.it/scrigno-sa-rest/v5/api/applicazione/verifica?versioneApplicazioneChiamante=5.5.0&tipoSistemaOperativo=ANDROID&versioneSistemaOperativo=29&marcaDevice=samsung&modelloDevice=SM-A505YN&storeDownload=NONE&biometriaSupportata=true&tipoBiometria=TOUCHID&biometriaAbilitata=false
310,com.scrignosa,https://userexperience.popso.it/mbeacon/668d0501-56b5-460f-807d-f1c680c2f955?type=m&srvid=1&app=4cf093dd-cc93-4002-bd33-ec40d6f74454&va=8.207.1.1004&tt=maandroid&pt=0&resp=json&cts=1630657674686
311,kr.or.kftc.fsc,https://ssc.kftc.or.kr/fsc.do
312,kr.or.kftc.fsc,http://update22.vguard.co.kr:8080/V-Guard_Engine_Check/Check.do
313,kr.or.kftc.fsc,http://update22.vguard.co.kr:8080/VGuard_Server_New/update.jsp
314,com.egypt.ais.aismotp,https://play.google.com/store/apps/details?id=com.egypt.ais.aismotp&hl=en
315,com.authenticator.authservice2,https://firebase-settings.crashlytics.com/spi/v2/platforms/android/gmp/1:957012540161:android:3e8e4bb4be573b88d5f900/settings?instance=77f8c1f2fc3ed4e490e3686c5370078c04a9b415&build_version=55&display_version=1.87&source=1
316,com.authenticator.authservice2,https://firebaseinstallations.googleapis.com/v1/projects/totpauthenticator/installations
317,com.authenticator.authservice2,https://www.binaryboot.com/totp-authenticator/android/get-premium-product-details/v1?auth_key=95117f5b-1fab-4894-b5d1-706d1474f863
